05-01,explicit,Achim_von_Arnim_-_Hollin's_Liebeleben_(1802).txt,timex value: XXXX-05-01,1. Mai,Walpurgis-Nacht in der Waldhütte den 1. Mai.,fiction
05-01,explicit,Adalbert_Stifter_-_Feldblumen_(1841).txt,timex value: 1834-05-01,ersten Mai,"Disson war während der Zeit wieder bei mir, und wir gefielen uns so, daß wir nicht nur volle drei Stunden verplauderten, sondern auf den ersten Mai, falls es meine Gesundheit zuläßt, einen Spaziergang von einem ganzen Tage verabredeten.",fiction
05-01,explicit,Adalbert_Stifter_-_Feldblumen_(1841).txt,timex value: 1834-05-01,ersten Mai,"Ich hätte mich weniger über ihn aufgehalten – aber am ersten Mai, da ich mit Lothar von Dornbach den so schönen Weg nach Haimbach machte, und eben dort ankam, war er auch da, jedoch zum Glücke gerade im Begriffe, in den Wagen zu steigen zu einer Dame, die schon darinnen saß und – stelle dir vor – mein Griechenbild aus der St. Annenkirche war.",fiction
05-01,explicit,Adalbert_Stifter_-_Feldblumen_(1841).txt,timex value: 1834-05-01,ersten Mai,"Sie wundere sich nur, daß heute, als am ersten Mai, Jemand da herausgekommen sei, da ja Alles bei dem Frühlingsfeste im Prater sein werde.",fiction
05-01,explicit,Adalbert_Stifter_-_Feldblumen_(1841).txt,timex value: 1834-05-01,ersten Mai,"»Ja wohl,« lachte Lothar, »wir wollen sogar zuversichtlich hoffen, daß gerade diese zwei Engel, welche am ersten Mai anno domini 1834 in Haimbach frühstückten, dereinst noch unsre Frauen werden, und wieder eines schönen Tages in unsrer Gesellschaft frühstücken werden.",fiction
05-01,explicit,Adalbert_Stifter_-_Feldblumen_(1841).txt,timex value: 1835-05-01,1. Mai 1835,"Wien, 1. Mai 1835.",fiction
05-01,explicit,Adalbert_Stifter_-_Feldblumen_(1841).txt,timex value: 1835-05-01,ersten Mai,Am ersten Mai anno domini 1835 war zu Haimbach ein großes Frühstück.,fiction
05-01,explicit,Adolph_Freiherr_Knigge_-_Benjamin_Noldmann's_Geschichte_der_Aufklärung_in_Abyssinien_(1790).txt,timex value: 1772-05-01,1. May 1772,den 1. May 1772 reiseten wir aus Gondar ab.,fiction
05-01,explicit,Adolph_Freiherr_Knigge_-_Der_Traum_des_Herrn_Brick_(1794).txt,timex value: 1772-05-01,1. Mai 1772,den 1. Mai 1772 reiseten wir aus Gondar ab.,duplicate
05-01,explicit,Alfred_Schirokauer_-_Mirabeau_(1921).txt,timex value: 1788-05-01,1. Mai,Der 1. Mai ist der Auftakt der Versammlung.,fiction
05-01,explicit,"Arthur_Schnitzler_-_Doktor_Gräsler,_Badearzt_(1917).txt",timex value: 1919-05-01,ersten Mai,"Doktor Gräsler zuckte die Achseln, ermangelte nicht darauf hinzuweisen, daß der Baumeister gestern den ersten Mai als äußersten Termin genannt hätte;",fiction
05-01,explicit,"Arthur_Schnitzler_-_Doktor_Gräsler,_Badearzt_(1917).txt",timex value: 1919-05-01,ersten Mai nächsten Jahres,"Es erwies sich, daß weniger eingreifende und kostspielige Veränderungen notwendig waren, als Doktor Gräsler gefürchtet hatte, ja der Baumeister wollte jede Verantwortung dafür übernehmen, daß sich die Anstalt am ersten Mai nächsten Jahres wie neu präsentieren würde.",fiction
05-01,explicit,Arthur_Schnitzler_-_Sterben_(1892).txt,timex value: 1970-05-01,1. Mai 1970,"Hochgeehrtes Fräulein, Sie werden am 1. Mai 1970 sterben.",fiction
05-01,explicit,Arthur_Schnitzler_-_Sterben_(1892).txt,timex value: 1970-05-01,1. Mai 1970,"So wirst du dein ganzes künftiges Leben in einer namenlosen Angst vor dem 1. Mai 1970 verbringen, obwohl du heute gewiß nicht ernstlich glaubst, hundert Jahre alt zu werden.",fiction
05-01,explicit,Artur_Landsberger_-_Raffke_(1924).txt,timex value: XXXX-05-01,ersten Mai,Der neue Gärtner tritt erst am ersten Mai seine Stellung an.,fiction
05-01,explicit,August_Strindberg_-_Die_Beichte_eines_Thoren_(1895).txt,timex value: 1875-05-01,1. Mai,"Am 1. Mai sind alle Schriftstücke unterzeichnet, die Abreise ist auf den dritten festgesetzt.",translation
05-01,explicit,Auguste_Groner_-_Der_rote_Merkur_(1910).txt,timex value: 1901-05-01,ersten Mai,"Und da erst im Juni ihre Hochzeit stattfinden wird, ich aber schon am ersten Mai –«",fiction
05-01,explicit,Auguste_Groner_-_Der_rote_Merkur_(1910).txt,timex value: 1901-05-01,ersten Mai,»Weil ich vom ersten Mai an nicht mehr in Graz sein werde.,fiction
05-01,explicit,Berthold_Auerbach_-_Auf_der_Höhe_Vierter_Band_(1865).txt,timex value: XXXX-05-01,1. Mai,(1. Mai.,fiction
05-01,explicit,Charles_Sealsfield_-_Das_Kajütenbuch_oder_Nationale_Charakteristiken_(1843).txt,timex value: 1841-05-01,1. Mai 1841,Den 1. Mai 1841.,fiction
05-01,explicit,Eduard_Stucken_-_Giuliano_(1933).txt,timex value: 1557-05-01,1. Mai,"Ihm war tags zuvor zugetragen worden, Leute – (die aus Furcht vor der Giftküche in der Fonderia de'Medici nicht genannt sein wollten) – hätten im Morgendämmer des 1. Mai Don Gracia, Cosmos Sohn, gesehn und erkannt, als er – ohne Maske vor dem Gesicht – aus dem Fenster der Donna Tolla in die Gasse hinabsprang.",fiction
05-01,explicit,Eduard_Stucken_-_Giuliano_(1933).txt,timex value: XXXX-05-01,ersten Mai,"Im Morgendämmer des ersten Mai durften Knaben und junge Männer zum Hause der heimlich Geliebten schleichen, ihr einen Blumentopf vors Fenster stellen oder ihr ans Fensterkreuz einen blühenden Akazienzweig befestigen.",fiction
05-01,explicit,Edward_Stilgebauer_-_Der_Börsenkönig_(1905).txt,timex value: XXXX-05-01,ersten Mai,"Sechs Monate hatten ihm seine schlimmsten Peiniger noch Frist gegeben, sechs kurze Monate, und drei davon waren am ersten Mai schon verstrichen gewesen.",fiction
05-01,explicit,Emil_Ertl_-_Auf_der_Wegwacht_(1911).txt,timex value: 1859-05-01,ersten Mai,Schon hatte eine Spinnerei Lohnerhöhung bewilligen und eine Seidenbandfabrik den ersten Mai als Feiertag anerkennen müssen.,fiction
05-01,explicit,Emil_Ertl_-_Auf_der_Wegwacht_(1911).txt,timex value: 1859-05-01,ersten Mai,"Sie verlangen den zehnstündigen Arbeitstag, zwanzig Prozent Lohnerhöhung und zum Aufputz, damit niemand sagen soll, sie hätten den kürzeren gezogen, auch noch die allgemeine Freigabe des ersten Mai sowie die Wiederaufnahme aller Genossen ohne Unterschied der Person.",fiction
05-01,explicit,Ernst_Constantin_-_Das_warme_Polarland_(1891).txt,timex value: 1726-05-01,1. Mai,"Am 1. Mai standen sie in der Waldbucht und nahmen Abschied von dem merkwürdigen Lande, welches sie so lange bewohnt hatten.",fiction
05-01,explicit,Ernst_von_Wolzogen_-_Der_Thronfolger_–_Zweiter_Band_(1892).txt,timex value: XXXX-05-01,erste Mai,Für die weitesten Kreise der Residenzbewohner war dieser erste Mai schon in der Erwartung zu einer Art Volksfest gestempelt worden.,fiction
05-01,explicit,Ernst_von_Wolzogen_-_Der_Thronfolger_–_Zweiter_Band_(1892).txt,timex value: XXXX-05-01,ersten Mai,Die Vermählungsfeier der Prinzessin Georgine mit dem Geheimen Medizinalrat Professor Dr. Cordell war auf den ersten Mai angesetzt worden.,fiction
05-01,explicit,Ernst_Weiß_-_Der_Fall_Vukobrankovics_(1924).txt,timex value: 1920-05-01,1. Mai,"Sie trat am 1. Mai 1920 in das Geschäft ein, avancierte sehr schnell zur ersten Sekretärin, knüpfte ein intimes Verhältnis mit dem Chef an, wurde nach ungefähr einem Jahre schwanger und erlitt eine Fehlgeburt.",fiction
05-01,explicit,Ernst_Weiß_-_Die_Vaterlosen_oder_Der_Gefängnisarzt_(1934).txt,timex value: 1918-05-01,1. Mai 1918,"»Großes Hauptquartier, 1. Mai 1918.",fiction
05-01,explicit,Ernst_Weiß_-_Die_Vaterlosen_oder_Der_Gefängnisarzt_(1934).txt,timex value: 1918-05-01,erste Mai,"Das Datum der Zeitung war der erste Mai 1918, das Datum des Briefes der 11. November.",fiction
05-01,explicit,ETA_Hoffmann_-_Die_Serapions-Brüder_(1821).txt,timex value: 1705-05-01,ersten Mai,"Am ersten Mai des Jahres eintausendfünfhundertundachtzig hielt die ehrsame Zunft der Böttcher, Küper oder Küfner in der freien Reichsstadt Nürnberg, alter Sitte und Gewohnheit gemäß, ihre feierliche Gewerksversammlung.",fiction
05-01,explicit,ETA_Hoffmann_-_Haimatochare_(1819).txt,timex value: XXXX-05-01,1. Mai,"Port Jackson, den 1. Mai 18**",fiction
05-01,explicit,ETA_Hoffmann_-_Meister_Martin_der_Küfner_und_seine_Gesellen_(1818).txt,timex value: XXXX-05-01,ersten Mai,"Am ersten Mai des Jahres eintausendfünfhundertachtzig hielt die ehrsame Zunft der Böttcher, Küpner oder Küfner in der freien Reichstadt Nürnberg, aller Sitte und Gewohnheit gemäß, ihre feierliche Gewerksversammlung.",duplicate
05-01,explicit,Felicitas_Rose_-_Provinzmädel_-_Kerlchens_Lern-_und_Wanderjahre_(1902).txt,timex value: 1825-05-01,1. May 1825,"»Sorbitten, den 1. May 1825.",fiction
05-01,explicit,Felix_Dahn_-_Kämpfende_Herzen_(1899).txt,timex value: 1835-05-01,erste Mai,"– Du sollst doch auch wissen, daß heute der erste Mai ist, du Einsiedler!",fiction
05-01,explicit,Felix_Dahn_-_Kämpfende_Herzen_(1899).txt,timex value: 1835-05-01,erster Mai,ein wunderschöner erster Mai.,fiction
05-01,explicit,Felix_Dahn_-_Walhall_(1883).txt,timex value: 1879-05-01,ersten Mai,"er ist das Gegenstück zu einem schön geschmückten Maibaum, der (übrigens nicht bloss am ersten Mai) einem allgemein beliebten, verehrten Mann und zumal schönen braven Mädchen gesetzt wird, nicht bloss von deren Bräutigam, auch wohl von allen Burschen des Dorfes als Ehrenbaum.",fiction
05-01,explicit,Felix_Dahn_-_Walhall_(1883).txt,timex value: 1879-05-01,ersten Mai,"ob ebenso Walpurg, die Heilige des ersten Mai, auf eine Walküre hinweist, bleibt zweifelhaft..",fiction
05-01,explicit,Franz_Kafka_-_Fragmente_aus_Heften_und_losen_Blättern_(1924).txt,timex value: XXXX-05-01,ersten Mai,"Wie er ging, der Mann mit dem langen Falten werfenden Mantel, eine Aktentasche in der Hand, den Kopf bloß, den Golddraht der Brille an den Ohren, am sonnigen Vormittag, am ersten Mai, auf dem stillen Weg zwischen dem Grün.",fiction
05-01,explicit,Friedrich_Glauser_-_Wachtmeister_Studer_(1936).txt,timex value: 1882-05-01,1. Mai,"Ich telephonierte Montag nachmittag (also am 1. Mai) dem Witschi nach Gerzenstein, er möge mich in meinem Bureau aufsuchen.",fiction
05-01,explicit,Friedrich_Spielhagen_-_Quisisana_(1880).txt,timex value: 1859-05-01,ersten Mai,Am ersten Mai!,fiction
05-01,explicit,Friedrich_Spielhagen_-_Quisisana_(1880).txt,timex value: 1859-05-01,ersten Mai,»Am ersten Mai.,fiction
05-01,explicit,Fritz_Mauthner_-_Böhmische_Novellen_(1897).txt,timex value: 1847-05-01,erste Mai,"Der erste Mai ist für unsere guten Landleute ein Festtag, da wird sich mancher von ihnen der Wahl enthalten.",fiction
05-01,explicit,Fritz_Mauthner_-_Böhmische_Novellen_(1897).txt,timex value: 1847-05-01,ersten Mai,"Noch pfiff ein kühler Wind über den Hügel, aber der wolkenlose Himmel versprach einen schönen ersten Mai.",fiction
05-01,explicit,Fritz_Mauthner_-_Böhmische_Novellen_(1897).txt,timex value: 1847-05-01,ersten Mai,"Wir wählen in zehn Tagen, am ersten Mai.",fiction
05-01,explicit,Fritz_Mauthner_-_Hypatia_(1891).txt,timex value: XXXX-05-01,ersten Mai,"In diesem Zustande seiner Seele war es, daß Isidoros eines Tages, eben am ersten Mai, kurz vor Sonnenuntergang in der Halle des zweiten Hofes saß und las.",fiction
05-01,explicit,Fritz_Müller-Partenkirchen_-_München_(1925).txt,timex value: 1924-05-01,1. Mai,"Am 15. April haben wir geheiratet, am 30. April unser neues Heim bezogen, und am 1. Mai hat meine junge Frau das erste Dienstmädchen engagiert.",fiction
05-01,explicit,Fritz_Reuter_-_Abendteuer_des_Entspekter_Bräsig_(1861).txt,timex value: 1861-05-01,1. May 1861,"Haunerwiem, den 1. May 1861.",fiction
05-01,explicit,Georg_Ebers_-_Die_Frau_Bürgemeisterin_(1881).txt,timex value: 1880-05-01,ersten Mai,Am Morgen des ersten Mai bogen der Musiker Wilhelm Korneliussohn und Janus Dousa in die Nobelstraße ein.,fiction
05-01,explicit,Georg_Ebers_-_Die_Frau_Bürgemeisterin_(1881).txt,timex value: 1880-05-01,ersten Mai,"Meine Kündigung hat auf den ersten Mai gelautet, heute schreibt man den achten, und noch bin ich hier – ich habe das Haus nicht verlassen, weil ich ein Christ bin!",fiction
05-01,explicit,Georg_Engel_-_Hann_Klüth_(1905).txt,timex value: 1895-05-01,ersten Mai,"»Daß der Spender, wenn er nicht fürchten müsse, das hochverehrte Fräulein zu stören, sich gern erlauben würde, den Abend des ersten Mai in ihrer gemütlichen guten Stube zu verleben, als letzten Ausklang der von dem Fräulein während des Winters so umsichtig geleiteten Leseabende.",fiction
05-01,explicit,Georg_Weerth_-_Leben_und_Taten_des_berühmten_Ritters_Schnapphahnski_(1849).txt,timex value: 1848-05-01,1. Mai,"Als einst am 1. Mai die Welt begann – ich glaube nämlich, daß die Welt am 1. Mai ihren Anfang nahm und nicht am 1. Januar, wie man fälschlich vermuten möchte, sintemalen die armen nackten Menschen, da sie nicht mit Stiefeln und Sporen auf die Welt kamen, ja im Januar sofort wieder erfroren wären – als, wie gesagt, die Welt am 1. Mai ihren Anfang nahm und die goldne Sonne lachte und die Blumen dufteten und die Quellen rieselten, da sprach der Spatz zu der Spätzin:",fiction
05-01,explicit,Georg_Weerth_-_Leben_und_Taten_des_berühmten_Ritters_Schnapphahnski_(1849).txt,timex value: 1848-05-01,1. Mai,"Als einst am 1. Mai die Welt begann – ich glaube nämlich, daß die Welt am 1. Mai ihren Anfang nahm und nicht am 1. Januar, wie man fälschlich vermuten möchte, sintemalen die armen nackten Menschen, da sie nicht mit Stiefeln und Sporen auf die Welt kamen, ja im Januar sofort wieder erfroren wären – als, wie gesagt, die Welt am 1. Mai ihren Anfang nahm und die goldne Sonne lachte und die Blumen dufteten und die Quellen rieselten, da sprach der Spatz zu der Spätzin:",fiction
05-01,explicit,Georg_Weerth_-_Leben_und_Taten_des_berühmten_Ritters_Schnapphahnski_(1849).txt,timex value: 1848-05-01,1. Mai,"Als einst am 1. Mai die Welt begann – ich glaube nämlich, daß die Welt am 1. Mai ihren Anfang nahm und nicht am 1. Januar, wie man fälschlich vermuten möchte, sintemalen die armen nackten Menschen, da sie nicht mit Stiefeln und Sporen auf die Welt kamen, ja im Januar sofort wieder erfroren wären – als, wie gesagt, die Welt am 1. Mai ihren Anfang nahm und die goldne Sonne lachte und die Blumen dufteten und die Quellen rieselten, da sprach der Spatz zu der Spätzin:",fiction
05-01,explicit,Gottfried_Keller_-_Der_grüne_Heinrich._Erste_Fassung_(1854).txt,timex value: 1818-05-01,ersten,"dann sah ich wieder, wie am ersten Mai aus den Toren von Stralsund der jüngste Ratsherr mit einem glänzenden Jugendgefolge im Waffenschmuck zog und in den prächtigen Buchenwäldern zum Maigrafen gekrönt wurde mit einer grünen Laubkrone und wie er abends mit einer schönen Maigräfin tanzte.",duplicate
05-01,explicit,Gottfried_Keller_-_Der_grüne_Heinrich_(1879).txt,timex value: 1650-05-01,1.,"Über den beiden Wappen stand die Inschrift: »Andreas Mayer, Vogt und Wirt zum gülden Stern, und Emerentia Juditha Hollenbergerin sind ehlich verbunden am 1. Mai 1650.«",fiction
05-01,explicit,Gottfried_Keller_-_Der_grüne_Heinrich_(1879).txt,timex value: 1818-05-01,ersten Mai,"dann sah ich wieder, wie am ersten Mai aus den Toren von Stralsund der jüngste Ratsherr mit einem glänzenden Jugendgefolge im Waffenschmuck zog und in den prächtigen Buchenwäldern zum Maigrafen gekrönt wurde mit einer grünen Laubkrone, und wie er abends mit einer schönen Maigräfin tanzte.",fiction
05-01,explicit,Gottfried_Keller_-_Dietegen_(1874).txt,timex value: XXXX-05-01,erste Mai,"An einem solchen Tage war es auch, daß er einen Tanz veranstaltet, da es gerade der erste Mai war.",fiction
05-01,explicit,Gottfried_Keller_-_Martin_Salander_(1886).txt,timex value: XXXX-05-01,1. Mai,"›Lautenspiel, den 1. Mai‹!",fiction
05-01,explicit,Gustav_Meyrink_-_Der_Engel_vom_westlichen_Fenster_(1927).txt,timex value: 1549-05-01,1. Mai,"Nun also das Billet. Lipotin schreibt mir: ""1. Mai. Am Tage des heiligen Socius.""",fiction
05-01,explicit,Gustav_Meyrink_-_Der_Engel_vom_westlichen_Fenster_(1927).txt,timex value: 1549-05-01,erste Mai,"SENTENCE: – Und einmal um Mitternacht – es war gerade der erste Mai und das Druidenfest, und der volle Mond war im Abnehmen begriffen – da hielt mich aus dem schwarzen Boden heraus eine unsichtbare Hand am Fuße fest, daß ich keinen Schritt mehr weiter konnte;",fiction
05-01,explicit,Gustav_Meyrink_-_Der_Engel_vom_westlichen_Fenster_(1927).txt,timex value: 1549-05-01,ersten Mai,"SENTENCE: Am ersten Mai, wenn die Hexen Katzenweihe haben, ist meine Zeit um.",fiction
05-01,explicit,Gustav_Meyrink_-_Der_Engel_vom_westlichen_Fenster_(1927).txt,timex value: 1549-05-01,ersten Mai,"SENTENCE: Doch ist es unnötig, die Tagesreisen in vergitterten Stuben und Türmen zu beschreiben, bis wir endlich bei sinkender Nacht vor dem ersten Mai in London anlangten und ich von Hauptmann Perkins in eine halbunterirdische Zelle eingebracht wurde.",fiction
05-01,explicit,Gustav_Meyrink_-_Der_Engel_vom_westlichen_Fenster_(1927).txt,timex value: 1549-05-01,ersten Mai,"SENTENCE: – – – Unter dem Volk aber geht bis heutigen Tags das Geraune, das Loch sei immer noch offen, doch sehen könne es nur einer, der dazu gerichtet und geordnet ist und geboren am ersten Mai als Sohn einer Hexe oder Hure.",fiction
05-01,explicit,Gustav_Meyrink_-_Des_Deutschen_Spießers_Wunderhorn_(1913).txt,timex value: 1906-05-01,erste Mai,"SENTENCE: Und siehe da, als der erste März vorbei war und noch zwei Monate, da war der erste Mai.",fiction
05-01,explicit,Gustav_Meyrink_-_Walpurgisnacht_(1917).txt,timex value: XXXX-05-01,1. Mai,"SENTENCE: Das Erscheinen der roten Datumsziffer 1. Mai auf dem Abreißkalender über dem Bette gab sonst immer das Zeichen, daß es höchste Zeit sei, die Koffer zu packen, aber diesmal würdigte der Herr kaiserliche Leibarzt den Block keines Blickes, ließ den 30. April, der den schauerlichen Unterdruck ""Walpurgisnacht"" trug, unberührt hängen, begab sich an seinen Schreibtisch, nahm einen ungeheuren schweinsledernen, mit Messingecken verzierten Folianten vor, der schon von seinem Urgroßvater an jedem männlichen Flugbeil als Diarium gedient hatte, und begann unter den Aufzeichnungen seiner Jugendjahre nachzublättern, ob sich nicht vielleicht auf diesem Wege feststellen lasse, ob, wann und wo er dem unheimlichen Zrcadlo schon früher begegnet sei – denn der Gedanke, daß dies der Fall sein müsse, quälte ihn unablässig.",fiction
05-01,explicit,Hans_Grasberger_-_Die_schöne_Kastellanin_(1898).txt,timex value: 1886-05-01,1. Mai,SENTENCE: nach mütterlichem Gedenken habe ich aber am 1. Mai an einem Sonntage das Licht der Welt erblickt.,fiction
05-01,explicit,Hans_Hoffmann_-_Das_Gymnasium_zu_Stolpenburg_(1891).txt,timex value: 1564-05-01,erste Mai,"SENTENCE: So lebten sie mit einander ein paar Jahre in Frieden ohne rechtes Leid und ohne rechtes Glück dahin, als jener erste Mai des Jahres 1850 erschien und mit ihm eine ungeheure Veränderung in dem ganzen Wesen des gelehrten Dr. M. Löwe.",fiction
05-01,explicit,Heinrich_Albert_Oppermann_-_Hundert_Jahre_(1870).txt,timex value: 1808-05-01,1. Mai,"SENTENCE: aber am 1. Mai war sie selbst es, die zu der Freundin herunterkam und diese daran erinnerte:",fiction
05-01,explicit,Heinrich_Albert_Oppermann_-_Hundert_Jahre_(1870).txt,timex value: 1849-05-01,1. Mai des Jahres 1849,"SENTENCE: Der 1. Mai des Jahres 1849 war so schön ins Land gekommen, wie der unbescheidenste Sachse, wenn es solche überall gibt, es nur wünschen konnte.",fiction
05-01,explicit,Heinrich_Hansjakob_-_Der_Fürst_vom_Teufelstein_(1897).txt,timex value: 1828-05-01,ersten Mai,"SENTENCE: Ich werde auf den ersten Mai versetzt, möchte aber noch bei eurer Hochzeit sein und euer junges Glück sehen.",fiction
05-01,explicit,Heinrich_Hansjakob_-_Erinnerungen_einer_alten_Schwarzwälderin_(1898).txt,timex value: 1835-05-01,ersten Mai,"SENTENCE: Am ersten Mai, dem Feste der Apostel Philipp und Jakob, kam er regelmäßig, meinem Vater zu gratulieren und sich als Namens- und Verwandtschaftsvetter einen Schoppen Schnaps schenken zu lassen.",fiction
05-01,explicit,Heinrich_Hansjakob_-_Erzbauern_(1899).txt,timex value: 1821-05-01,ersten Mai,"SENTENCE: Im Januar trug man sein junges Weib zu Grab, und am ersten Mai hielt er schon wieder Hochzeit mit einem andern, nachdem ein drittes Wibervolk ihm einen Korb gegeben.",fiction
05-01,explicit,Heinrich_Heine_-_Geständnisse_(1854).txt,timex value: 1831-05-01,1. Mai 1831,SENTENCE: Den 1. Mai 1831 fuhr ich über den Rhein.,non-fiction
05-01,explicit,Heinrich_Heine_-_Reisebilder_(1826).txt,timex value: 1800-05-01,erste Mai,"SENTENCE: Es ist der erste Mai, der lumpigste Ladenschwengel hat heute das Recht, sentimental zu werden, und dem Dichter wolltest du es verwehren?",non-fiction
05-01,explicit,Heinrich_Heine_-_Reisebilder_(1826).txt,timex value: 1800-05-01,erste Mai,"SENTENCE: Es ist der erste Mai, und ich denke deiner, du schöne Ilse – oder soll ich dich »Agnes« nennen, weil dir dieser Name am besten gefällt?",non-fiction
05-01,explicit,Heinrich_Heine_-_Reisebilder_(1826).txt,timex value: 1800-05-01,erste Mai,SENTENCE: Es ist heute der erste Mai.,non-fiction
05-01,explicit,Heinrich_Lersch_-_Die_Pioniere_von_Eilenburg_(1934).txt,timex value: 1999-05-01,1. Mai,"SENTENCE: Andernfalls müsse, auch ohne ihre Zustimmung, am 1. Mai geschlossen werden.",fiction
05-01,explicit,Heinrich_Lersch_-_Hammerschläge_(1930).txt,timex value: 1929-05-01,1. Mai,"SENTENCE: Am Abend vorm 1. Mai ging ich in die Stadt, natürlich ins neue Warenhaus, suchte den Stuhl aus und ließ ihn vom Geschäft hinbringen.",fiction
05-01,explicit,Heinrich_Lersch_-_Hammerschläge_(1930).txt,timex value: 1929-05-01,ersten Mai,SENTENCE: Schon ein paar Tage vor dem ersten Mai wurden wir zur Maiandacht in der Kapelle eingeladen.,fiction
05-01,explicit,Heinrich_Seidel_-_Der_Rosenkönig_(1899).txt,timex value: XXXX-05-01,Mai erste,"SENTENCE: Seiner Majestät des Königs Mai erste Sängerin, Frau Nachtigall, ist nach längerem Urlaub aus Afrika zurückgekehrt.",false positive
05-01,explicit,Heinrich_Zschokke_-_Die_Rose_von_Disentis_(1822).txt,timex value: 1799-05-01,ersten Mai,SENTENCE: spätestens bis zum ersten Mai.,fiction
05-01,explicit,Helene_Böhlau_-_Kristine_(1929).txt,timex value: 1929-05-01,1. Mai,"SENTENCE: Wieder Jena, 1. Mai.",fiction
05-01,explicit,Helene_von_Mühlau_-_Frau_Doktor_Breuer_(1920).txt,timex value: XXXX-05-01,1. Mai,"SENTENCE: Der Direktor Dr. Dietholm hatte das Geld für den Hausankauf bereits am 1. Mai flüssig gemacht, obwohl Herr Gormann die Anzahlung erst für den 1. Juli festgesetzt, den Käufern aber gestattet hatte, das Grundstück schon früher zu beziehen.",fiction
05-01,explicit,Hermann_Kurz_-_Schillers_Heimatjahre_(1843).txt,timex value: XXXX-05-01,1. Mai,"SENTENCE: »Ich will Ihr was sagen, es ist nicht mehr lang bis zum 1. Mai, und wenn ich ein Hexenmeister bin, so hoffe ich alsdann bei Tanz und Schmaus und Lichterglanz auf deinem grünen Plätzchen mit Ihr zusammen zu sein die ganze Nacht.",fiction
05-01,explicit,Hermann_Löns_-_Aus_Forst_und_Flur._Vierzig_Tiernovellen_(1914).txt,timex value: 1870-05-01,ersten Mai,"SENTENCE: Freimut hatte seine Hochzeit auf den ersten Mai, »den Tag der Odinsfreite,« wie er schrieb, angesetzt und dabei bemerkt:",fiction
05-01,explicit,Hermann_Löns_-_Aus_Forst_und_Flur._Vierzig_Tiernovellen_(1914).txt,timex value: XXXX-05-01,ersten Mai,"SENTENCE: Nur vom ersten Mai bis zum letzten Juli dauert der Aufenthalt hier im deutschen Lande, dann geht es wieder dahin, wo der Löwe aus dem Uferschilfe brüllt und der Elefant krachend das Dickicht zertritt.",fiction
05-01,explicit,Hermann_Löns_-_Dahinten_in_der_Heide_(1909).txt,timex value: XXXX-05-01,ersten Mai,"SENTENCE: Freimut hatte seine Hochzeit auf den ersten Mai, »den Tag der Odinsfreite«, wie er schrieb, angesetzt und dabei bemerkt:",duplicate
05-01,explicit,Hermann_Löns_-_Der_zweckmäßige_Meyer_(1911).txt,timex value: XXXX-05-01,ersten Mai,SENTENCE: An ersten Mai kommt er von Afrika angetobt.,fiction
05-01,explicit,Hermann_Löns_-_Der_zweckmäßige_Meyer_und_andere_Geschichten_(1911).txt,timex value: XXXX-05-01,ersten Mai,SENTENCE: An ersten Mai kommt er von Afrika angetobt.,duplicate
05-01,explicit,Hermann_Löns_-_Die_Häuser_von_Ohlenhof_(1917).txt,timex value: XXXX-05-01,ersten Mai,"SENTENCE: Aber am ersten Mai des achten Jahres an dem Tage, als der Vater ihn mit den Rotschimmeln abholte, da lächelte er milde und freundlich, als er morgens aus seiner Kammer kam;",fiction
05-01,explicit,Hermann_Löns_-_Jagdgeschichten_(1914).txt,timex value: XXXX-05-01,erste Mai,"SENTENCE: drei Monaten lang werden wir sie dort sehen vom frühen Morgen bis in den späten Abend hinein, aber am Ende des Juli oder zu Anfang des August werden sie auf einmal verschwunden sein, bis der letzte Apriltag oder der erste Mai sie wiederbringt, die Mauersegler, die Turmschwalben, die düster gefärbten, schrill rufenden, jäh dahinfahrenden Großstadtschwalben.",fiction
05-01,explicit,Hermann_Löns_-_Kraut_und_Lot_(1911).txt,timex value: 1015-05-01,erste Mai,"SENTENCE: Kein Tag im Jahre verursachte ehedem bei allem, was einen grünen Rock trug, eine solche Aufregung, wie der erste Mai.",fiction
05-01,explicit,Hermann_Löns_-_Kraut_und_Lot_(1911).txt,timex value: 1015-05-01,ersten Mai,SENTENCE: am Abend des ersten Mai aber spazierte er hohnlachend über die Grenze und ließ sich von Müller totschießen.,fiction
05-01,explicit,Hermann_Löns_-_Kraut_und_Lot_(1911).txt,timex value: 1015-05-01,ersten Mai,"SENTENCE: Früher, als vom ersten Mai ab der Bock frei war, war es selbst für den grünsten Jagdstümper und für den krummsten Tapergreis leicht, den Bock zu kriegen.",fiction
05-01,explicit,Hermann_Löns_-_Kraut_und_Lot_(1911).txt,timex value: 1015-05-01,ersten Mai,"SENTENCE: So mancher Bock wurde damals vordatiert, hing schon vor dem ersten Mai aufgebrochen und gut verblendet in einer Dickung, denn es war ein Grenzbock und er hätte am ersten Mai vielleicht den Einfall haben können, dem Nachbar den Gefallen zu tun und über die Grenze zu wechseln.",fiction
05-01,explicit,Hermann_Löns_-_Kraut_und_Lot_(1911).txt,timex value: 1015-05-01,ersten Mai,"SENTENCE: So mancher Bock wurde damals vordatiert, hing schon vor dem ersten Mai aufgebrochen und gut verblendet in einer Dickung, denn es war ein Grenzbock und er hätte am ersten Mai vielleicht den Einfall haben können, dem Nachbar den Gefallen zu tun und über die Grenze zu wechseln.",fiction
05-01,explicit,Hermann_Löns_-_Kraut_und_Lot_(1911).txt,timex value: 1905-05-01,ersten Mai,"SENTENCE: Zu den hannoverschen Zeiten galt es für unweidmännisch, den balzenden Birkhahn vor dem Tage der Odinsfreite, dem ersten Mai, zu erlegen.",fiction
05-01,explicit,Hermann_Löns_-_Mein_braunes_Buch_(1907).txt,timex value: XXXX-05-01,ersten,"SENTENCE: Ein Fingerdruck, und er lag da; ich konnte ihn in die Fichten hängen bis zum ersten Mai.",fiction
05-01,explicit,Hermann_Löns_-_Sämtliche_Werke_-_Band_7_(1909).txt,timex value: 1813-05-01,ersten Mai,"SENTENCE: Aber am ersten Mai des achten Jahres an dem Tage, als der Vater ihn mit den Rotschimmeln abholte, da lächelte er milde und freundlich, als er morgens aus seiner Kammer kam;",duplicate
05-01,explicit,Hermann_Stehr_-_Peter_Brindeisener_(1924).txt,timex value: 1911-05-01,1. Mai 1911,SENTENCE: der Subskriptionspreis für die Anleihe beträgt 97½ Prozent zuzüglich 4½ Prozent Stückzinsen vom 1. Mai 1911.,fiction
05-01,explicit,Ida_Boy-Ed_-_Die_Opferschale_(1916).txt,timex value: XXXX-05-01,ersten Mai,SENTENCE: Und je am ersten November und ersten Mai werden die Zinsen verrechnet.,fiction
05-01,explicit,Ida_Hahn-Hahn_-_Peregrin_(1864).txt,timex value: 1817-05-01,ersten Mai,SENTENCE: Ich beuge dem vor und reise heute Nacht in den ersten Stunden des ersten Mai ab.,fiction
05-01,explicit,Ida_Hahn-Hahn_-_Peregrin_(1864).txt,timex value: 1839-05-01,1. Mai 1839,SENTENCE: Der Brief war datirt vom 1. Mai 1839 und lautete:,fiction
05-01,explicit,Jakob_Christoph_Heer_-_Laubgewind_(1908).txt,timex value: XXXX-05-01,erste Mai,SENTENCE: morgen war der erste Mai – die Eröffnung der Kunstausstellung im Glaspalast – ihre ersten Gemälde traten vor die Öffentlichkeit!,fiction
05-01,explicit,Jakob_Christoph_Heer_-_Tobias_Heider_(1922).txt,timex value: 1878-05-01,ersten Mai,"SENTENCE: die Zuschrift der Erziehungsbehörden, ich sei auf den ersten Mai zum Lehrverweser der Schulgemeinde Lenz ernannt!",fiction
05-01,explicit,Jakob_Christoph_Heer_-_Tobias_Heider_(1922).txt,timex value: 1878-05-01,ersten Mai,"SENTENCE: Es ist nun bestimmt, daß Emma Heß auf den ersten Mai wieder in die französische Familie zurücktreten wird, in der sie bereits zwei Jahre als Erzieherin gewirkt hat.",fiction
05-01,explicit,Jean_Paul_-_Biographische_Belustigungen_unter_der_Gehirnschale_einer_Riesin_(1796).txt,timex value: 1795-05-01,1. Mai,SENTENCE: Den 1. Mai.,fiction
05-01,explicit,Jean_Paul_-_Biographische_Belustigungen_unter_der_Gehirnschale_einer_Riesin_(1796).txt,timex value: 1795-05-01,1. Mai,SENTENCE: Den 1. Mai.,fiction
05-01,explicit,Jean_Paul_-_Hesperus_oder_45_Hundposttage_(1795).txt,timex value: 1439-05-01,ersten Mai,"SENTENCE: April vor einem Jahre die ganze Nacht gereiset sei, um mit dem ersten Mai am Morgen durch den Nebel ins Pfarrhaus zu treten.",fiction
05-01,explicit,Jean_Paul_-_Hesperus_oder_45_Hundposttage_(1795).txt,timex value: 1439-05-01,ersten Mai,"SENTENCE: denn sie war (erzählte er) bloß vor Schmerz über diese, ohne alles Gepäck, am ersten Mai hieher geeilet;",fiction
05-01,explicit,Jean_Paul_-_Hesperus_oder_45_Hundposttage_(1795).txt,timex value: 1439-05-01,ersten Mai,"SENTENCE: Sie kömmt den ersten Mai aus Maienthal mit einem weinenden Herzen, das, von einer Toten abgerissen, offen noch fortblutet.",fiction
05-01,explicit,Jean_Paul_-_Hesperus_oder_45_Hundposttage_(1795).txt,timex value: 1794-05-01,1. Mai,"SENTENCE: die eine war den 30. April froh, daß der Held dieser Geschichte, der junge Engländer Horion, den 1. Mai aus Göttingen zurückkäme und in der Kaplanei bliebe – der andern wars nicht recht, sie wollte haben, er sollte erst den 4.",fiction
05-01,explicit,Jean_Paul_-_Hesperus_oder_45_Hundposttage_(1795).txt,timex value: 1794-05-01,1. Mai,"SENTENCE: Wenn er (der am 1. Mai war so) wie ein Zugnetz Gipfel und Bäche überflicht – wenn die herabgedrückten Wolken auf unsern Auen und durch nasse Stauden kriechen – wenn er auf der einen Weltgegend den Himmel mit einem Pech-Brodem besudelt und den Wald mit einer unreinen schweren Nebelbank bestreift, indes er auf der andern, abgewischt vom nassen Saphir des Himmels, in Tropfen verkleinert, die Blumen erleuchtet;",fiction
05-01,explicit,Jean_Paul_-_Hesperus_oder_45_Hundposttage_(1795).txt,timex value: 1794-05-01,erste Mai,"SENTENCE: Der erste Mai fing sich, wie der Mensch und seine Weltgeschichte, mit einem Nebel an.",fiction
05-01,explicit,Jean_Paul_-_Palingenesien_(1798).txt,timex value: 1798-05-01,erste Mai,SENTENCE: Der erste Mai war ihr Geburtstag.,fiction
05-01,explicit,Jean_Paul_-_Palingenesien_(1798).txt,timex value: 1798-05-01,erste Mai,"SENTENCE: über dieses folternde Verstummen hatt' ich mich bisher zu oft ruhig gemacht, um es länger zu bleiben, besonders je näher der erste Mai anrückte, über dessen Gewicht dem Leser künftig mehr Licht zu geben ist.",fiction
05-01,explicit,Jean_Paul_-_Palingenesien_(1798).txt,timex value: 1798-05-01,ersten Mai,"SENTENCE: ) – Der Leser hat nicht vergessen, daß ich ihm den ersten Mai und den Geburtstag meiner Hermine am Anfange des Reise-Anzeigers angesagt.",fiction
05-01,explicit,Jean_Paul_-_Palingenesien_(1798).txt,timex value: 1798-05-01,ersten Mai,"SENTENCE: Am ersten Mai, dacht' ich, werden gewiß in Europa – wohl in Nürnberg selber – einige Eheleute, entweder der Mann oder die Frau oder beide, ihren Geburtstag, wie der Philippus Jakobus seinen Namenstag, haben und begehen;",fiction
05-01,explicit,Jean_Paul_-_Palingenesien_(1798).txt,timex value: 1798-05-01,ersten Mai,"SENTENCE: Endlich erleb' ich hier mit allen Lesern den neunten oder kritischen Tag (den ersten Mai), wo ich den Hornrichter mit der ausdrücklichen Drohung fortschickte, er sollte etwas mitbringen, sonst glaubt' ich, er sei wieder hinter die Schule gegangen.",fiction
05-01,explicit,Jean_Paul_-_Palingenesien_(1798).txt,timex value: 1798-05-01,ersten Mai,"SENTENCE: Ich komme nun zu dem Teil meiner Historie, der den ersten Mai enthält – welches der Montag nach dem letzten Aprilsonntag und nach dem ersten Courtag bei Georgetten ist.",fiction
05-01,explicit,Jean_Paul_-_Palingenesien_(1798).txt,timex value: 1798-05-01,ersten Mai,"SENTENCE: Ich offenbarte meinem Firmian noch meine Bangigkeit über das Ausbleiben der Briefe, sogar des Passes, sogar nachdem ich am ersten Mai wieder geschrieben.",fiction
05-01,explicit,Jean_Paul_-_Palingenesien_(1798).txt,timex value: 1798-05-01,ersten Mai,"SENTENCE: Im Kalender unserer Phantasie fället der Frühlingsanfang nicht in den 21sten März, sondern in den ersten Mai;",fiction
05-01,explicit,Jean_Paul_-_Palingenesien_(1798).txt,timex value: 1798-05-01,ersten Mai,"SENTENCE: – Ich muß gleich anfangs berichten, daß ich den ersten Mai ans dem Bette stieg und daraus einen Kopf voll halbseitigem Kopfweh und eine Brust voll heißer, schon von Träumen angefangner Sehnsucht nach Herminen mitbrachte.",fiction
05-01,explicit,"Jeremias_Gotthelf_-_Käthi,_die_Großmutter_(1847).txt",timex value: 1846-05-01,1. Mai 1846,SENTENCE: Also gegeben auf der Freisinnigkeit den 1. Mai 1846.,fiction
05-01,explicit,Johann_Gottfried_Seume_-_Spaziergang_nach_Syrakus_im_Jahre_1802_(1803).txt,timex value: 1801-05-01,ersten Mai,SENTENCE: So singt Asmus den ersten Mai in Wandsbeck;,non-fiction
05-01,explicit,Johannes_Richard_zur_Megede_-_Der_Ueberkater_-_Band_1_(1904).txt,timex value: XXXX-05-01,erste Mai,SENTENCE: Bei den Menschen ist der Mai der Wonnemond – in meinem Katzenkalender ist allernächstens der erste Mai.,fiction
05-01,explicit,Johannes_Richard_zur_Megede_-_Félicie_(1900).txt,timex value: 0189-05-01,erste,"SENTENCE: Es war der erste Mai heute, ein heller, kalter Frühlingstag des Ostens, mit zähem Schmutz und unangenehmem Wind.",fiction
05-01,explicit,Johannes_Scherr_-_Die_Pilger_der_Wildnis_(1853).txt,timex value: 1675-05-01,ersten Mai,"SENTENCE: Am ersten Mai pflanzten sie nach alter englischer Sitte eine Maistange auf, bekleideten und behingen sie mit schmutzigen Reimen, luden die indianischen Weiber zur Teilnahme an ihren Bacchanalien ein und erschöpften sich, einer den andern an wilder Ausgelassenheit zu überbieten.",fiction
05-01,explicit,Johannes_Scherr_-_Nemesis_(1874).txt,timex value: 0185-05-01,1.,"SENTENCE: Gegeben auf meinem Schloß Wippoltstein, unter meinem Siegel und Wappen am 1. Mai 185...",fiction
05-01,explicit,Johannes_Scherr_-_Nemesis_(1874).txt,timex value: 0185-05-01,ersten Mai,SENTENCE: »Heute haben wir also den ersten Mai.,fiction
05-01,explicit,Johannes_Scherr_-_Nemesis_(1874).txt,timex value: XXXX-05-01,ersten Mai,"SENTENCE: »Diesen Morgen fiel mir ein, daß heute, als am ersten Mai, gerade zwanzig Jahre vergangen sind, seit ich von hier wegging.",fiction
05-01,explicit,Johannes_Scherr_-_Schiller_-_Kulturgeschichtliche_Novelle_(1856).txt,timex value: 1775-05-01,ersten Mai,"SENTENCE: Zwar liegt hinter dieser ersehnten Lichtmeß gewöhnlich nur ein neuer Aufzug der Wintertragödie, aber die weiße und graue Kälte geht doch allmählich in die »grünangestrichene« über, und wenn dich auch am ersten Mai tüchtig fröstelt, so erhebt dich über diese kleine Unliebsamkeit das mailiche Bewußtsein, endlich allen Apriltücken zum Trotz in den offiziellen Wonnemond eingetreten zu sein.",fiction
05-01,explicit,Johannes_Scherr_-_Werther-Graubart_(1873).txt,timex value: 1870-05-01,1. Mai 1870,"SENTENCE: Gersau, 1. Mai 1870.",fiction
05-01,explicit,Johannes_Scherr_-_Werther-Graubart_(1873).txt,timex value: 1870-05-01,erste Mai,SENTENCE: Heute ist der erste Mai und mein achtzehnter Geburtstag.,fiction
05-01,explicit,John_Henry_Mackay_-_Die_Anarchisten_(1911).txt,timex value: 1883-05-01,1. Mai,"SENTENCE: Dem 1. Mai gehen in Chicago, dem Mittelpunkt der Achtstundenbewegung, unerwartete Ereignisse voran:",fiction
05-01,explicit,John_Henry_Mackay_-_Die_Anarchisten_(1911).txt,timex value: 1886-05-01,ersten Mai,"SENTENCE: Die Bewegung zu Gunsten des achtstündigen Arbeitstages in den Vereinigten Staaten, die »Achtstundenbewegung«, deren Beginn um fast zwei Jahrzehnte zurückdatiert und als deren Ende von einer Million Arbeitern, den » Knights of Labouur« mit 400 000 Arbeitern und den » Federated Trades Unions« mit einer gleichen Anzahl an der Spitze, dem ersten Mai des Jahres 1886 entgegengesehen wird, ist das Ziel, um das von beiden Seiten gleich leidenschaftlich gekämpft wird...",fiction
05-01,explicit,John_Henry_Mackay_-_Die_Anarchisten_(1911).txt,timex value: 1886-05-01,ersten Mai,"SENTENCE: Die reißende Zunahme der Streikenden, bis zu jenem Tage, dem ersten Mai, der, von Allen erwartet, die Entscheidung herbeiführen sollte...",fiction
05-01,explicit,Joseph_Roth_-_Der_stumme_Prophet_(1929).txt,timex value: 1927-05-01,1. Mai,"SENTENCE: Eine Broschüre war ins Italienische zu übersetzen, in einer Woche der 1. Mai.",fiction
05-01,explicit,Joseph_von_Lauff_-_Springinsröckel_(1922).txt,timex value: 1755-05-01,ersten Mai,"SENTENCE: Ich will mich dessen erinnern, wie wir uns gut waren, wie wir uns das Bauholz der Zukunft zusammentrugen, um unser Heim zu errichten, will daran denken, wie zwei Lerchen über uns standen, wie sie nie mehr über uns stehen werden, so verheißend und jubelnd, denn ich möchte so ruhig von dir gehen, wie ich ruhig zu dir kam im ersten Mai unserer Liebe.",false positive
05-01,explicit,Jura_Soyfer_-_So_starb_eine_Partei_(1934).txt,timex value: 1890-05-01,1. Mai 1890,"SENTENCE: Die alten Genossen, festlich gekleidet wie Blum (denn für sie war jeder Ringaufmarsch, unter welcher Losung immer, eine heitere Siegesfeier für jenen 1. Mai 1890, als sie zwischen k. k. Bajonetten das Recht auf die Straße erobert hatten), die alten Genossen räusperten sich andächtig.",fiction
05-01,explicit,Jura_Soyfer_-_So_starb_eine_Partei_(1934).txt,timex value: 1890-05-01,ersten Mai,"SENTENCE: Und zum ersten Mai wie zum 12. November gehörte eine Ringstraße, durchflutet von Menschen, dröhnend von Gesang, brennend von unseren Fahnen.",fiction
05-01,explicit,Jura_Soyfer_-_So_starb_eine_Partei_(1934).txt,timex value: 1928-05-01,ersten Mai,SENTENCE: »Laut Erlaß der Bundesbahndirektion ist das Schmücken und Beflaggen von Lokomotiven am ersten Mai von nun an verboten.,fiction
05-01,explicit,Karl_Bleibtreu_-_Bismarck_–_Band_1_(1915).txt,timex value: 1846-05-01,ersten Mai,"SENTENCE: Am ersten Mai war offizielle Deichschau, und er hätte dann mit den Hexen, die in dieser Walpurgisnacht durchreisen, auf den Brocken fliehen können, um dort bärenmäßig allein in der Höhle sich zu verstecken, fern von jeder Menschenstauung, sobald er von Reinfeld zurückkam.",fiction
05-01,explicit,Karl_Bleibtreu_-_Bismarck_–_Band_4_(1915).txt,timex value: 1290-05-01,1.,"SENTENCE: Doch er wußte, daß sein Schicksal an einem Faden hing, als am 1. Mai das schon am 24. von allen Einwohnern verlassene Ypern an vielen Ecken brannte, über dem sich die Eisenballen kreuzten.",fiction
05-01,explicit,Karl_Bleibtreu_-_Bismarck_–_Band_4_(1915).txt,timex value: 2200-05-01,1.,"SENTENCE: Man verzeichnete seit 1. Mai offiziell 100 000 t. u. verw., wobei Inder und Kanadier fehlen.",fiction
05-01,explicit,"Karl_Gutzkow_-_Wally,_die_Zweiflerin_(1835).txt",timex value: XXXX-05-01,ersten Mai,"SENTENCE: Mit dem Frühjahr wurde sie unruhig, holte immer tiefere Seufzer, schüttelte viel den Kopf, und nun steht sie seit dem ersten Mai zu jeder Stunde des Tages hinter den beiden Indien und muß immer mehr erkranken, schon am Sonnenstich.",fiction
05-01,explicit,Karl_Immermann_-_Die_Epigonen_(1836).txt,timex value: 1795-05-01,1. Mai 1795,"SENTENCE: Heidelberg, den 1. Mai 1795.",fiction
05-01,explicit,Karl_Immermann_-_Die_Epigonen_(1836).txt,timex value: 1795-05-01,ersten Mai,"SENTENCE: Den ersten Mai habe ich diesen Brief begonnen, nun erhalte ich Deinen vom zehnten Juli, der mich über mein Schweigen ausschilt, und da sehe ich mit Erschrecken nach, und finde meine Paar Sätze, die ich diese Monate her auf das Papier gestrudelt, noch unabgesendet vor.",fiction
05-01,explicit,Karl_May_-_Am_Stillen_Ozean_(1879).txt,timex value: 1828-05-01,1. Mai 1828,"SENTENCE: wer die Beschwerlichkeiten, Anstrengungen und Entbehrungen einer solchen Reise aus eigener Erfahrung kennengelernt hat und – ringsum nichts als Wasser schauend – sich Tag für Tag sehnte nach einem Fleckchen Grün, an welchem das müde Auge sich ausruhen und der an den bekannten Schaukelschritt der Seefahrer gewöhnte Fuß eine feste Stütze finden möchte, der wird die unendliche Freude ermessen können, welche der russische Weltumsegler Lütke mit seinen Mannen empfand, als er am 1. Mai 1828 die Bonin-Inseln erblickte, deren Aufsuchung und nähere geographische Bestimmung mit zu den Aufgaben der Expedition gehörte.",fiction
05-01,explicit,Ludwig_Ganghofer_-_Das_Gotteslehen_(1899).txt,timex value: XXXX-05-01,ersten Mai,"SENTENCE: Eines späten Nachmittags, am Vorabend des ersten Mai, saß Immhof einsam in dem kleinen Garten.",fiction
05-01,explicit,Ludwig_Rellstab_-_1812_–_Ein_historischer_Roman_(1834).txt,timex value: 1821-05-01,1. Mai 1821,"SENTENCE: Am 1. Mai 1821 nahm er seine Entlassung und begab sich zunächst nach Frankfurt a. O., wo sich Ludwig Berger zeitweilig aufhielt und andere intime Freunde wohnten.",fiction
05-01,explicit,Manfred_Schneider_-_Don_Francsico_de_Goya_(1935).txt,timex value: 1815-05-01,ersten Mai,"SENTENCE: »Wenn ich mich recht erinnere«, sagte Fernando kühl und beiläufig, »habe ich am neunzehnten März in aller Form die Regierung des Königreichs Spanien angetreten und bis zum heutigen ersten Mai nicht abgedankt.",fiction
05-01,explicit,Marie_Nathusius_-_Elisabeth._I._Band_(1858).txt,timex value: 1813-05-01,erste,"SENTENCE: Adolfine meinte, es sei der erste Mai, Du genössest den Regen um groß zu werden.",fiction
05-01,explicit,Marie_Nathusius_-_Elisabeth._I._Band_(1858).txt,timex value: 1813-05-01,erste Mai,"SENTENCE: Es ist heute der erste Mai, sagte Herr von Kadden mit einem tiefen Athemzug, als ob er eine schwere Arbeit hinter sich hatte.",fiction
05-01,explicit,Marie_Nathusius_-_Elisabeth._I._Band_(1858).txt,timex value: 1813-05-01,ersten Mai,"SENTENCE: Es war am ersten Mai, der Himmel war bedeckt, leichte Regenschauer fielen zuweilen auf das junge Grün, da saßen die Großeltern in einem Haufen Briefe vertieft, die eben von den entfernten Kindern eingegangen waren.",fiction
05-01,explicit,Marie_Nathusius_-_Tagebuch_eines_armen_Fräuleins_(1854).txt,timex value: XXXX-05-01,1. Mai,SENTENCE: Den 1. Mai.,fiction
05-01,explicit,Marie_Nathusius_-_Tagebuch_eines_armen_Fräuleins_(1854).txt,timex value: XXXX-05-01,1. Mai,"SENTENCE: zum 1. Mai soll bezahlt werden oder verkauft, es kommt mir so unglaublich vor, daß ich mich kaum darüber beruhigen kann.",fiction
05-01,explicit,Marie_Nathusius_-_Tagebuch_eines_armen_Fräuleins_(1854).txt,timex value: XXXX-05-01,ersten Mai,"SENTENCE: Am ersten Mai wird das Testament eröffnet, sollen auch die Siegel von den Sachen genommen werden;",fiction
05-01,explicit,Max_Barthel_-_Das_unsterbliche_Volk_(1933).txt,timex value: 1117-05-01,1. Mai,"SENTENCE: Die ersten Sterne über der feurigen Taufe des 1. Mai, die ewigen Sterne über den vergänglichen Menschen, die ewigen Sterne über dem unsterblichen Volk.",fiction
05-01,explicit,Max_Barthel_-_Das_unsterbliche_Volk_(1933).txt,timex value: 1117-05-01,1. Mai,"SENTENCE: Er hatte ein sonnengebräuntes Gesicht, sonnenbraun am 1. Mai, zwei Köpfe größer war er als Thea.",fiction
05-01,explicit,Max_Barthel_-_Das_unsterbliche_Volk_(1933).txt,timex value: 1117-05-01,ersten Mai,"SENTENCE: Vor einer Woche erst, am ersten Mai, als sie mit Herfurt und Bundschuh im Cafe Geier war und nach dem Sinn der Parole sieben elf siebzehn gefragt hatte.",fiction
05-01,explicit,Max_Barthel_-_Das_unsterbliche_Volk_(1933).txt,timex value: 1904-05-01,1. Mai,SENTENCE: Am 1. Mai in der Kellerstraße?,fiction
05-01,explicit,Max_Barthel_-_Das_unsterbliche_Volk_(1933).txt,timex value: 1904-05-01,1. Mai,"SENTENCE: Die Aussage verweigern über die Parteizugehörigkeit, diesen Trick kennen wir schon, und dann wollen Sie am 1. Mai am Abend mit einer Frau Gärtner, die dringend verdächtig der Beihilfe ist, in einem Café gewesen sein.",fiction
05-01,explicit,Max_Barthel_-_Das_unsterbliche_Volk_(1933).txt,timex value: 1904-05-01,1. Mai,"SENTENCE: Sagen Sie mal«, beginnt er ganz gemütlich, »sagen Sie mal, was hatten Sie denn am 1. Mai in der Kellerstraße zu tun?",fiction
05-01,explicit,Max_Barthel_-_Das_unsterbliche_Volk_(1933).txt,timex value: 1904-05-01,1. Mai,"SENTENCE: Wir sind am 1. Mai überall herumgefahren, um den Rummel zu filmen.",fiction
05-01,explicit,Max_Barthel_-_Das_unsterbliche_Volk_(1933).txt,timex value: 1929-05-01,1.,"SENTENCE: Riedel und Bundschuh, die Barrikade am 1. Mai, Genossen und Freunde waren es gewesen.",fiction
05-01,explicit,Max_Barthel_-_Das_unsterbliche_Volk_(1933).txt,timex value: 1929-05-01,1. Mai,"SENTENCE: Bundschuh erzählte die Geschichte von dem Landstreicher, der am 1. Mai auf den Barrikaden mitgekämpft hatte und dann im Polizeipräsidium als Spitzel auftauchte.",fiction
05-01,explicit,Max_Barthel_-_Das_unsterbliche_Volk_(1933).txt,timex value: 1929-05-01,1. Mai,"SENTENCE: Die Bauern von Marienthal bleiben stumm und starren auf den Kommissar, der am 1. Mai zum ersten Male zu ihnen gekommen war und sich heute neben der flachshaarigen Nina spreizt und sein Kindergesicht in grausame Falten legt.",fiction
05-01,explicit,Max_Barthel_-_Das_unsterbliche_Volk_(1933).txt,timex value: 1929-05-01,1. Mai,"SENTENCE: Er erzählte, wie er am Vorabend des 1. Mai aus Werder nach Berlin gekommen war, um seinen Freund Müller zu besuchen.",fiction
05-01,explicit,Max_Barthel_-_Das_unsterbliche_Volk_(1933).txt,timex value: 1929-05-01,1. Mai,"SENTENCE: Schießen«, setzte er philosophisch hinzu, »schießen haben wir beide ja am 1. Mai auf dem Wedding gelernt.",fiction
05-01,explicit,Max_Barthel_-_Das_unsterbliche_Volk_(1933).txt,timex value: 1929-05-01,1. Mai,"SENTENCE: Und auch diese arme Straße auf dem Wedding, wo er am 1. Mai an der Barrikade mitgebaut hatte, auch diese Straße und Barrikade gehörten zur Heimat und wurden auf die Ebene einer neuen Einsicht gehoben.",fiction
05-01,explicit,Max_Barthel_-_Das_unsterbliche_Volk_(1933).txt,timex value: 1929-05-01,1. Mai,SENTENCE: Zusammen haben wir am 1. Mai auf dem Wedding Barrikaden gebaut.,fiction
05-01,explicit,Max_Barthel_-_Das_unsterbliche_Volk_(1933).txt,timex value: 1929-05-01,1. Mai,"SENTENCE: »Unbedingt«, erklärte Bundschuh, »er hat es bewiesen damals am 1. Mai.",fiction
05-01,explicit,Max_Barthel_-_Das_unsterbliche_Volk_(1933).txt,timex value: 1929-05-01,1. Mai 1929,"SENTENCE: »Die bisherige Voruntersuchung hat immerhin ergeben, daß Sie dringend der Tatbeihilfe am Aufruhr am 1. Mai 1929 verdächtig erscheinen.",fiction
05-01,explicit,Max_Barthel_-_Das_unsterbliche_Volk_(1933).txt,timex value: 1933-05-01,1. Mai,SENTENCE: Auch diese von Jammer und Elend besudelten Straßen schwenkten die roten Fahnen und glaubten an den 1. Mai.,fiction
05-01,explicit,Max_Barthel_-_Das_unsterbliche_Volk_(1933).txt,timex value: 1933-05-01,1. Mai,SENTENCE: Den 1. Mai konnte man nicht verhaften.,fiction
05-01,explicit,Max_Barthel_-_Das_unsterbliche_Volk_(1933).txt,timex value: 1933-05-01,1. Mai,SENTENCE: Der 1. Mai?,fiction
05-01,explicit,Max_Barthel_-_Das_unsterbliche_Volk_(1933).txt,timex value: 1933-05-01,1. Mai,"SENTENCE: Der Polizeipräsident hatte Umzüge und Demonstration verboten, aber er konnte den 1. Mai nicht verbieten.",fiction
05-01,explicit,Max_Barthel_-_Das_unsterbliche_Volk_(1933).txt,timex value: 1933-05-01,1. Mai,SENTENCE: Die Arbeit und der 1. Mai gehörten zusammen wie Bruder und Schwester.,fiction
05-01,explicit,Max_Barthel_-_Das_unsterbliche_Volk_(1933).txt,timex value: 1933-05-01,1. Mai,"SENTENCE: Die kleine rote Fahne am Kühler, der Kurbelmann, der 1. Mai, und überall die Lieder, die Internationale, die Marseillaise, der Rotgardistenmarsch.",fiction
05-01,explicit,Max_Barthel_-_Das_unsterbliche_Volk_(1933).txt,timex value: 1933-05-01,1. Mai,"SENTENCE: Es war am 1. Mai, und der Redner mit den fahrigen Händen hatte halb russisch, halb deutsch vom Weltfeiertage der Arbeit gesprochen, vom Vermächtnis Lenins und vom Willen Stalins, der auch die Krim in paradiesische Landschaft verwandeln sollte.",fiction
05-01,explicit,Max_Barthel_-_Das_unsterbliche_Volk_(1933).txt,timex value: 1933-05-01,1. Mai,SENTENCE: Hier aus diesem Wege merkte man wenig vom 1. Mai.,fiction
05-01,explicit,Max_Barthel_-_Das_unsterbliche_Volk_(1933).txt,timex value: 1933-05-01,1. Mai,"SENTENCE: »Was macht ihr morgen, am 1. Mai, in eurem Kaff?",fiction
05-01,explicit,Max_Barthel_-_Deutschland_-_Lichtbilder_und_Schattenrisse_einer_Reise_(1926).txt,timex value: 1854-05-01,ersten Mai,"SENTENCE: Über achtzehntausend Arbeiter sind zehn Tage lang ausgesperrt, weil sie den ersten Mai gefeiert hatten.",non-fiction
05-01,explicit,Max_Barthel_-_Deutschland_-_Lichtbilder_und_Schattenrisse_einer_Reise_(1926).txt,timex value: 1913-05-01,1. Mai 1913,"SENTENCE: Kurz vor dem Krieg wurden für alle Arbeitsgruppen die ersten Lohntarife abgeschlossen, und am 1. Mai 1913 kam die neunstündige Arbeitszeit.",non-fiction
05-01,explicit,Max_Barthel_-_Deutschland_-_Lichtbilder_und_Schattenrisse_einer_Reise_(1926).txt,timex value: 1924-05-01,ersten Mai,SENTENCE: Am ersten Mai dieses Jahres bekam der alte Gilbert einen Brief und konnte lesen:,non-fiction
05-01,explicit,Max_Dauthendey_-_Der_Geist_meines_Vaters_(1912).txt,timex value: 1844-05-01,ersten Mai,SENTENCE: Dann fuhr ich am ersten Mai auf einem Dampfschiff voller Hoffnungen nach St. Petersburg zurück.,non-fiction
05-01,explicit,Max_Eyth_-_Die_Brücke_über_die_Ennobucht_(1899).txt,timex value: 1872-05-01,erster Mai,"SENTENCE: Alles ist nicht reines Vergnügen in dieser Welt, Billy, und der diesjährige November ist nicht unser erster Mai.",fiction
05-01,explicit,Max_Eyth_-_Hinter_Pflug_und_Schraubstock_(1899).txt,timex value: 1872-05-01,erster Mai,"SENTENCE: Alles ist nicht reines Vergnügen in dieser Welt, Billy, und der diesjährige November ist nicht unser erster Mai.",duplicate
05-01,explicit,Maximilian_Schmidt_-_Glasmacherleut'_(1869).txt,timex value: 1824-05-01,ersten Mai,SENTENCE: »Am ersten Mai ist dem Schrenk seine Zeit aus;,fiction
05-01,explicit,Moritz_Gottlieb_Saphir_-_Album_geselliger_Thorheiten_(1858).txt,timex value: 1858-05-01,erste Mai,SENTENCE: »Der erste Mai wird gefeiert!,non-fiction
05-01,explicit,Ossip_Schubin_-_Gräfin_Erikas_Lehr-_und_Wanderjahre_(1892).txt,timex value: XXXX-05-01,erste Mai,"SENTENCE: Der erste Mai war's, an dem man sie bestattete.",fiction
05-01,explicit,Otto_Ernst_-_Vom_Strande_des_Lebens_(1908).txt,timex value: 1880-05-01,ersten Mai,"SENTENCE: »Also, wenn Sie einverstanden sind, Anna, dann können Sie am ersten Mai zugehen.",fiction
05-01,explicit,Otto_Julius_Bierbaum_-_Die_Schlangendame_(1896).txt,timex value: XXXX-05-01,erste Mai,"SENTENCE: »Erinnerst Du Dich noch, Pauline, wie wir zusammen im Walde von Fontainebleau waren, – Du hattest Dein rotseidenes Corsett an, und es war der erste Mai?",fiction
05-01,explicit,Paul_Schreckenbach_-_Der_König_von_Rothenburg_(1930).txt,timex value: 1405-05-01,erste Mai,SENTENCE: Der erste Mai des Jahres vierzehnhundertundsieben war herangekommen.,fiction
05-01,explicit,Paul_Schreckenbach_-_Der_König_von_Rothenburg_(1930).txt,timex value: 1405-05-01,ersten Mai,"SENTENCE: Der äußere Rat besteht aus vielen Ehrbaren und kürt jeden ersten Mai den inneren Rat, zwölf Männer, die aus ihrer Mitte den ersten Bürgermeister, den Feldhauptmann der Stadt und noch andere erwählen.",fiction
05-01,explicit,Paul_Schreckenbach_-_Der_König_von_Rothenburg_(1930).txt,timex value: 1405-05-01,ersten Mai,"SENTENCE: Die Feinde in der Stadt rührten sich nicht, sie schienen in Wahrheit nicht die Absicht zu haben, vor dem ersten Mai einen Schlag zu führen, und an ein Entweichen des Verhaßten dachten sie offenbar gar nicht.",fiction
05-01,explicit,Richard_Skowronnek_-_Schweigen_im_Walde_(1910).txt,timex value: XXXX-05-01,erste Mai,SENTENCE: Der erste Mai!,fiction
05-01,explicit,Richard_Skowronnek_-_Schweigen_im_Walde_(1910).txt,timex value: XXXX-05-01,erste Mai,"SENTENCE: »So, so,« sagte Hans Haffner, »der erste Mai!",fiction
05-01,explicit,Richard_Skowronnek_-_Schweigen_im_Walde_(1910).txt,timex value: XXXX-05-01,ersten Mai,"SENTENCE: Gerade am ersten Mai, als die Stiftung der gesuchten Urkunde sich zum achtundneunzigstenmal jähren sollte, war die Nachricht von der Entscheidung des Kammergerichts gekommen.",fiction
05-01,explicit,Richard_Skowronnek_-_Schweigen_im_Walde_(1910).txt,timex value: XXXX-05-01,ersten Mai,"SENTENCE: Unter dem ersten Mai aber, dem entscheidenden Tage, von dem angeblich die Urkunde datiert sein soll, findet sich folgende Eintragung:",fiction
05-01,explicit,Richard_Voß_-_Römisches_Fieber_(1902).txt,timex value: 1889-05-01,ersten Mai,"SENTENCE: Dasselbe sollte am ersten Mai stattfinden, und die Gäste wurden ersucht, in antikem Kostüm zu erscheinen.",fiction
05-01,explicit,Richard_Voß_-_Römisches_Fieber_(1902).txt,timex value: 1889-05-01,ersten Mai,"SENTENCE: Und schön, sommerlich leuchtend und sommerlich warm war es auch an diesem ersten Mai.",fiction
05-01,explicit,Robert_Ascher_-_Der_Schuhmeier_(1933).txt,timex value: 1873-05-01,1. Mai 1873,SENTENCE: Am 1. Mai 1873 wurde die Weltausstellung durch den Kaiser in prunkvoller Weise eröffnet.,fiction
05-01,explicit,Robert_Ascher_-_Der_Schuhmeier_(1933).txt,timex value: 1889-05-01,1.,"SENTENCE: Im Juli 1889 beschloß der Internationale Sozialistenkongreß zu Paris, den 1. Mai zum Weltfeiertag der Arbeit zu erheben.",fiction
05-01,explicit,Robert_Ascher_-_Der_Schuhmeier_(1933).txt,timex value: 1889-05-01,1. Mai,"SENTENCE: Er tadelt dort heftig die deutsche Bruderpartei, die 1889 für die Erhebung des 1. Mai zum Weltfeiertag der Arbeit gestimmt, sich aber widerstandslos von den deutschen Bütteln den 1. Mai hat verbieten lassen.",fiction
05-01,explicit,Robert_Ascher_-_Der_Schuhmeier_(1933).txt,timex value: 1889-05-01,1. Mai,"SENTENCE: Er tadelt dort heftig die deutsche Bruderpartei, die 1889 für die Erhebung des 1. Mai zum Weltfeiertag der Arbeit gestimmt, sich aber widerstandslos von den deutschen Bütteln den 1. Mai hat verbieten lassen.",duplicate
05-01,explicit,Robert_Ascher_-_Der_Schuhmeier_(1933).txt,timex value: 1889-05-01,1. Mai,"SENTENCE: Victor Adler kam aus Paris zurück und rief das österreichische Proletariat auf, zum ersten 1. Mai zu rüsten.",fiction
05-01,explicit,Robert_Ascher_-_Der_Schuhmeier_(1933).txt,timex value: 1890-05-01,1. Mai,"SENTENCE: Auch die Alpine Montangesellschaft hat in Donawitz plakatiert, daß am 1. Mai den ganzen Tag gearbeitet werden müsse – sonst Entlassung.",fiction
05-01,explicit,Robert_Ascher_-_Der_Schuhmeier_(1933).txt,timex value: 1890-05-01,1. Mai,SENTENCE: Bisher war im Prater an jedem 1. Mai Nobeltag gewesen.,fiction
05-01,explicit,Robert_Ascher_-_Der_Schuhmeier_(1933).txt,timex value: 1890-05-01,1. Mai,SENTENCE: Der erste 1. Mai wurde in Österreich nahezu lückenlos gefeiert.,fiction
05-01,explicit,Robert_Ascher_-_Der_Schuhmeier_(1933).txt,timex value: 1890-05-01,1. Mai,"SENTENCE: Die Direktion der k. k. priv. Ferdinands-Nordbahn zwang ihre Werkstättenarbeiter, bei sonstiger sofortiger Entlassung, am 1. Mai zu arbeiten.",fiction
05-01,explicit,Robert_Ascher_-_Der_Schuhmeier_(1933).txt,timex value: 1890-05-01,1. Mai,SENTENCE: Einer fehlte am ersten 1. Mai.,fiction
05-01,explicit,Robert_Ascher_-_Der_Schuhmeier_(1933).txt,timex value: 1890-05-01,1. Mai,"SENTENCE: Er weist hin auf die Sozialdemokratie als die Urheberin der Idee der Verkürzung der Arbeitszeit und der Sonntagsruhe, deren noch viele Branchen entraten müssen, und fordert die Versammlung auf, den ersten 1. Mai ruhig und würdevoll zu feiern und den Behörden und der übrigen Gesellschaft zu zeigen, daß die Sozialdemokratie eine Partei der Ordnung ist.",fiction
05-01,explicit,Robert_Ascher_-_Der_Schuhmeier_(1933).txt,timex value: 1890-05-01,1. Mai,SENTENCE: Sie galt der Vorbereitung des ersten 1. Mai.,fiction
05-01,explicit,Robert_Ascher_-_Der_Schuhmeier_(1933).txt,timex value: 1890-05-01,1. Mai,"SENTENCE: Zum Protest haben sie ausnahmslos den Taglohn, der auf den 1. Mai entfiel, dem Fonds für gemaßregelte Maiopfer gewidmet.",fiction
05-01,explicit,Robert_Ascher_-_Der_Schuhmeier_(1933).txt,timex value: 1890-05-01,1. Mai 1890,SENTENCE: Die »Neue Freie Presse« schrieb am 1. Mai 1890 giftig:,fiction
05-01,explicit,Robert_Ascher_-_Der_Schuhmeier_(1933).txt,timex value: 1896-05-01,1. Mai,"SENTENCE: Der 1. Mai 1896, der siebente 1. Mai also, ein Freitag, sollte eine Ausnahme machen.",fiction
05-01,explicit,Robert_Ascher_-_Der_Schuhmeier_(1933).txt,timex value: 1896-05-01,1. Mai 1896,SENTENCE: Der 1. Mai 1896 kostete 19 Verletzte und 42 Verhaftete.,fiction
05-01,explicit,Robert_Ascher_-_Der_Schuhmeier_(1933).txt,timex value: 1896-05-01,1. Mai 1896,"SENTENCE: Der 1. Mai 1896, der siebente 1. Mai also, ein Freitag, sollte eine Ausnahme machen.",fiction
05-01,explicit,Robert_Ascher_-_Der_Schuhmeier_(1933).txt,timex value: 1902-05-01,1. Mai,"SENTENCE: Schauen Sie sich am 1. Mai die an, die in den Prater wandern, das, meine Herren, sind lauter Lumpen.",fiction
05-01,explicit,Robert_Ascher_-_Der_Schuhmeier_(1933).txt,timex value: 1907-05-01,1. Mai,SENTENCE: In Budapest fiel auf einen 1. Mai das Jubiläum der dortigen Arbeiterkrankenkasse.,fiction
05-01,explicit,Rudolph_Stratz_-_Das_Schiff_ohne_Steuer_(1921).txt,timex value: 1897-05-01,ersten Mai,"SENTENCE: Das heißt für mich, daß die Kohlenfrachtraten wegen der Aufnahme der Wassertransporte sinken, und daß am ersten Mai die Kartellverhandlungen mit der Luxemburger Konkurrenz wieder aufgenommen werden müssen ...",fiction
05-01,explicit,Rudolph_Stratz_-_König_und_Kärrner_(1914).txt,timex value: 1899-05-01,erste Mai,"SENTENCE: Das ist nicht mehr der erste Mai mit seiner Feierstimmung, seinen Gesängen und Bannern.",fiction
05-01,explicit,Rudolph_Stratz_-_König_und_Kärrner_(1914).txt,timex value: 1899-05-01,erste Mai,SENTENCE: der erste Mai!,fiction
05-01,explicit,Rudolph_Stratz_-_König_und_Kärrner_(1914).txt,timex value: 1899-05-01,ersten Mai,"SENTENCE: Ich will nicht, daß mein Lebenswerk gleich nach meinem Tode wieder vor die Hunde geht, weil mein Nachfolger noch nicht ein Vorgelege vom Differential unterscheiden kann und, wenn die Herrschaften da draußen heut ihren ersten Mai feiern, dasteht wie die Kuh, wenn's donnert!",fiction
05-01,explicit,Rudolph_Stratz_-_König_und_Kärrner_(1914).txt,timex value: 1899-05-01,ersten Mai,"SENTENCE: Warum diese ungeduldige Bewegung mit der Hand, als wolltest du es wagen, mich, den Festredner des ersten Mai, zu unterbrechen?",fiction
05-01,explicit,Sir_John_Retcliffe_-_Magenta_und_Solferino_-_Band_1_(1864).txt,timex value: 1848-05-01,1. Mai 1848,"SENTENCE: Mailand blieb ruhig – die blutige Stunde, die den Kampf vom 1. Mai 1848 erneuern sollte, war noch nicht gekommen.",fiction
05-01,explicit,Theodor_Fontane_-_Ellernklipp_(1881).txt,timex value: 1733-05-01,1. Mai 1733,"SENTENCE: »Adalbert Ulrich Graf von Emmerode, geb. am 1. Mai 1733, gefallen vor Prag am 6. Mai 1757.",fiction
05-01,explicit,Theodor_Fontane_-_Ellernklipp_(1881).txt,timex value: 1735-05-01,1. Mai 1735,"SENTENCE: »Erdmuthe Rochussen, geb. den 1. Mai 1735, gest. den 30.",fiction
05-01,explicit,Theodor_Fontane_-_Jenseit_des_Tweed_(1860).txt,timex value: 1707-05-01,1. Mai 1707,"SENTENCE: Es war am 1. Mai 1707, an demselben Tage, an dem die Union zwischen England und Schottland, die bis dahin nur als Personalunion bestanden hatte, durch Abgeordnete beider Länder zum Abschluß gebracht wurde.",non-fiction
05-01,explicit,Wilhelm_Heinrich_Riehl_-_Durch_tausend_Jahre_–_Dritter_Band_(1897).txt,timex value: 1765-05-01,ersten Mai,SENTENCE: »Zwanzig Jahre seit dem ersten Mai.,fiction
05-01,explicit,Wilhelm_Jensen_-_Karin_von_Schweden_(1872).txt,timex value: 1520-05-01,ersten Mai,"SENTENCE: Dann sandte er Botschaft, daß der König eingewilligt und am ersten Mai in Torpa eintreffen werde, daß aber auch er nicht früher zurückzukommen vermöge, da es Christiern's Wille sei, daß er bis dahin bei ihm verweile und ihn auf der Reise geleite.",fiction
05-01,explicit,Wilhelm_Jensen_-_Karin_von_Schweden_(1872).txt,timex value: 1520-05-01,ersten Mai,"SENTENCE: Es war noch früh am Morgen des ersten Mai, als ein glänzender Zug über die Breite des Wettersees daher kam, dessen letztes Eis am Tage vorher der entfesselte Motalastrom der Ostsee zugetragen.",fiction
05-01,explicit,Wilhelm_Jensen_-_Karin_von_Schweden_(1872).txt,timex value: 1520-05-01,ersten Mai,"SENTENCE: Zwar nannte man den Tag den ersten Mai, doch der Winter lag noch über Schweden und hielt es todt und gebändigt.",fiction
05-01,explicit,Wilhelm_Raabe_-_Die_Chronik_der_Sperlingsgasse_(1857).txt,timex value: 1590-05-01,1. Mai,SENTENCE: Am 1. Mai.,fiction
05-01,explicit,Wilhelm_Raabe_-_Die_Chronik_der_Sperlingsgasse_(1857).txt,timex value: 1590-05-01,ersten Mai,"SENTENCE: aber weder Himmelsblau noch Sonnenschein kamen an heiliger Reinheit dem Gesichtchen gleich, das sich an jenem ersten Mai an meine Schulter schmiegte und durch Tränen lächelnd zu mir aufschaute.",fiction
05-01,explicit,Wilhelm_Raabe_-_Die_Chronik_der_Sperlingsgasse_(1857).txt,timex value: 1590-05-01,erster Mai,SENTENCE: Es war auch ein erster Mai.,fiction
05-01,explicit,Wilhelm_Raabe_-_Eine_Grabrede_aus_dem_Jahr_1609_(1863).txt,timex value: 1568-05-01,1. Maii,"SENTENCE: Im Mayen, den 1. Maii sein liebes Eheweib.",fiction
05-01,explicit,Wilhelm_Raabe_-_Nach_dem_großen_Kriege_(1861).txt,timex value: 1859-05-01,1. Mai,"SENTENCE: Sachsenhagen, am 1. Mai",fiction
05-01,explicit,Wilhelmine_Heimburg_-_Alte_Liebe_und_anderes_(1906).txt,timex value: XXXX-05-01,ersten Mai,"SENTENCE: Un lang' hält's Frau Oberförsterin auch nich aus mit die, un dann paßt das ja ganz gut, dann kann sie ja am ersten Mai wieder abziehen, direkt auf'm Besenstiel nach'm Blocksberg, wo sie hingehört, die Hexe infamige!",fiction
05-01,explicit,Wilhelmine_Heimburg_-_Alte_Liebe_und_anderes_(1906).txt,timex value: XXXX-05-01,ersten Mai,"SENTENCE: »Fräulein,« begann sie, »ich wollte nur bitten, sagen Sie doch der gnädigen Frau, wenn ihr's recht ist, ziehe ich zum ersten Mai wieder ab;",fiction
05-01,explicit,Wilhelmine_Heimburg_-_Trudchens_Heirat_(1894).txt,timex value: XXXX-05-01,ersten Mai,"SENTENCE: Goldsohn, den benutzt sie vermutlich, um am ersten Mai auf Urlaub zu gehen, respektive zu reiten;",fiction
05-01,explicit,Willy_Seidel_-_Der_Gott_im_Treibhaus_(1925).txt,timex value: 1900-05-01,erste Mai,SENTENCE: »Der erste Mai ist auch noch heute derselbe.,fiction
05-01,explicit,Willy_Seidel_-_Der_Gott_im_Treibhaus_(1925).txt,timex value: 1900-05-01,ersten Mai,"SENTENCE: Die Nacht zum ersten Mai war es, die endlich die Erfüllung brachte.",fiction
05-01,explicit,Ödön_von_Horváth_-_Der_ewige_Spießer_(1930).txt,timex value: 1907-05-01,1. Mai,SENTENCE: Es war kaum mit ihr auszuhalten am 1. Mai.,fiction
05-01,explicit,Ödön_von_Horváth_-_Kleine_Prosa_(1938).txt,timex value: 1925-05-01,erste Mai,"SENTENCE: von den Felsen ringsum, und wie unser Loibl auf den Kalender sah, da wars der erste Mai.",fiction
